$GPGGA,,,,,,0,00,,,M,0.0,M,,0000*4825065,,,,,,,,,,,,,,,,,

$GPGSA,A,1,,,,,,,,,,,,,,,*$GPGGA,,,,,,0,00,,,M,0.0,M,,0000*4825264,,,,,,,,,,,,,,,,,

$GPGSA,A,1,,,,,,,,,,,,,,,*1E25298,,,,,,,,,,,,,,,,,

$GPGSV,3,1,12,01,00,000,,02,00,000,,03,00,000,,04,00,000,*7C25358,,,,,,,,,,,,,,,,,

$GPGSV,3,2,12,05,00,000,,06,00,000,,07,00,000,,08,00,000,*7725417,,,,,,,,,,,,,,,,,

$GPGSV,3,3,12,09,00,000,,10,00,000,,11,00,000,,12,00,000,*7125477,,,,,,,,,,,,,,,,,

$GPRMC,,V,,,,,,,,,,N*5325501,,,,,,,,,,,,,,,,,

$GPGGA,,,,,,0,00,,,M,0.0,M,,0000*4826273,,,,,,,,,,,,,,,,,

$GPGSA,A,1,,,,,,,,,,,,,,,*1E26308,,,,,,,,,,,,,,,,,

$GPGSV,3,1,12,01,00,000,,02,00,000,,03,00,000,,04,00,000,*7C26368,,,,,,,,,,,,,,,,,

$GPGSV,3,2,12,05,00,000,,06,00,000,,07,00,000,,08,00,000,*7726427,,,,,,,,,,,,,,,,,

$GPGSV,3,3,12,09,00,000,,10,00,000,,11,00,000,,12,00,000,*7126486,,,,,,,,,,,,,,,,,

$GPRMC,,V,,,,,,,,,,N*5326505,,,,,,,,,,,,,,,,,

$GPGGA,,,,,,0,00,,,M,0.0,M,,0000*4827254,,,,,,,,,,,,,,,,,

$GPGSA,A,1,,,,,,,,,,,,,,,*1E27289,,,,,,,,,,,,,,,,,

$GPGSV,3,1,12,01,00,000,,02,00,000,,03,00,000,,04,00,000,*7C27367,,,,,,,,,,,,,,,,,

$GPGSV,3,2,12,05,00,000,,06,00,000,,07,00,000,,08,00,000,*7727424,,,,,,,,,,,,,,,,,

$GPGSV,3,3,12,09,00,000,,10,00,000,,11,00,000,,12,00,000,*7127484,,,,,,,,,,,,,,,,,

$GPRMC,,V,,,,,,,,,,N*5327502,,,,,,,,,,,,,,,,,

$GPGGA,,,,,,0,00,,,M,0.0,M,,0000*4828262,,,,,,,,,,,,,,,,,

$GPGSA,A,1,,,,,,,,,,,,,,,*1E28297,,,,,,,,,,,,,,,,,

$GPGSV,3,1,12,01,00,000,,02,00,000,,03,00,000,,04,00,000,*7C28356,,,,,,,,,,,,,,,,,

$GPGSV,3,2,12,05,00,000,,06,00,000,,07,00,000,,08,00,000,*7728434,,,,,,,,,,,,,,,,,

$GPGSV,3,3,12,09,00,000,,10,00,000,,11,00,000,,12,00,000,*7128493,,,,,,,,,,,,,,,,,

$GPRMC,,V,,,,,,,,,,N*5328499,,,,,,,,,,,,,,,,,

$GPGGA,,,,,,0,00,,,M,0.0,M,,0000*4829272,,,,,,,,,,,,,,,,,

$GPGSA,A,1,,,,,,,,,,,,,,,*1E29304,,,,,,,,,,,,,,,,,

$GPGSV,3,1,12,01,00,000,,02,00,000,,03,00,000,,04,00,000,*7C29364,,,,,,,,,,,,,,,,,

$GPGSV,3,2,12,05,00,000,,06,00,000,,07,00,000,,08,00,000,*7729423,,,,,,,,,,,,,,,,,

$GPGSV,3,3,12,09,00,000,,10,00,000,,11,00,000,,12,00,000,*7129499,,,,,,,,,,,,,,,,,

$GPRMC,,V,,,,,,,,,,N*5329503,,,,,,,,,,,,,,,,,

$GPGGA,,,,,,0,00,,,M,0.0,M,,0000*4855048,,,,,,,,,,,,,,,,,

$GPGSA,A,1,,,,,,,,,,,,,,,*$GPGGA,,,,,,0,00,,,M,0.0,M,,0000*4855232,,,,,,,,,,,,,,,,,

$GPGSA,A,1,,,,,,,,,,,,,,,*1E55267,,,,,,,,,,,,,,,,,

$GPGSV,3,1,12,01,00,000,,02,00,000,,03,00,000,,04,00,000,*7C55326,,,,,,,,,,,,,,,,,

$GPGSV,3,2,12,05,00,000,,06,00,000,,07,00,000,,08,00,000,*7755384,,,,,,,,,,,,,,,,,

$GPGSV,3,3,12,09,00,000,,10,00,000,,11,00,000,,12,00,000,*7155459,,,,,,,,,,,,,,,,,

$GPRMC,,V,,,,,,,,,,N*5355465,,,,,,,,,,,,,,,,,

$GPGGA,,,,,,0,00,,,M,0.0,M,,0000*4856217,,,,,,,,,,,,,,,,,

$GPGSA,A,1,,,,,,,,,,,,,,,*1E56252,,,,,,,,,,,,,,,,,

$GPGSV,3,1,12,01,00,000,,02,00,000,,03,00,000,,04,00,000,*7C56311,,,,,,,,,,,,,,,,,

$GPGSV,3,2,12,05,00,000,,06,00,000,,07,00,000,,08,00,000,*7756371,,,,,,,,,,,,,,,,,

$GPGSV,3,3,12,09,00,000,,10,00,000,,11,00,000,,12,00,000,*7156471,,,,,,,,,,,,,,,,,

$GPRMC,,V,,,,,,,,,,N*5356514,,,,,,,,,,,,,,,,,

$GPGGA,,,,,,0,00,,,M,0.0,M,,0000*4857194,,,,,,,,,,,,,,,,,

$GPGSA,A,1,,,,,,,,,,,,,,,*1E57227,,,,,,,,,,,,,,,,,

$GPGSV,3,1,12,01,00,000,,02,00,000,,03,00,000,,04,00,000,*7C57286,,,,,,,,,,,,,,,,,

$GPGSV,3,2,12,05,00,000,,06,00,000,,07,00,000,,08,00,000,*7757456,,,,,,,,,,,,,,,,,

$GPGSV,3,3,12,09,00,000,,10,00,000,,11,$,,N*5357464,,,,,,,,,,,,,,,,,

$GPGGA,,,,,,0,00,,,M,0.0,M,,0000*4858195,,,,,,,,,,,,,,,,,

$GPGSA,A,1,,,,,,,,,,,,,,,*1E58230,,,,,,,,,,,,,,,,,

$GPGSV,3,1,12,01,00,000,,02,00,000,,03,00,000,,04,00,000,*7C58308,,,,,,,,,,,,,,,,,

$GPGSV,3,2,12,05,00,000,,06,00,000,,07,00,000,,08,00,000,*7758368,,,,,,,,,,,,,,,,,

$GPGSV,3,3,12,09,00,000,,10,00,000,,11,00,000,,12,00,000,*7158427,,,,,,,,,,,,,,,,,

$GPRMC,,V,,,,,,,,,,N*5358454,,,,,,,,,,,,,,,,,

$GPGGA,,,,,,0,00,,,M,0.0,M,,0000*4859211,,,,,,,,,,,,,,,,,

$GPGSA,A,1,,,,,,,,,,,,,,,*1E59246,,,,,,,,,,,,,,,,,

$GPGSV,3,1,12,01,00,000,,02,00,000,,03,00,000,,04,00,000,*7C59305,,,,,,,,,,,,,,,,,

$GPGSV,3,2,12,05,00,000,,06,00,000,,07,00,000,,08,00,000,*7759381,,,,,,,,,,,,,,,,,

$GPGSV,3,3,12,09,00,000,,10,00,000,,11,00,000,,12,00,000,*7159441,,,,,,,,,,,,,,,,,

$GPRMC,,V,,,,,,,,,,N*5359459,,,,,,,,,,,,,,,,,

$GPGGA,,,,,,0,00,,,M,0.0,M,,0000*4885018,,,,,,,,,,,,,,,,,

$GPGSA,A,1,,,,,,,,,,,,,,,*$GPGGA,,,,,,0,00,,,M,0.0,M,,0000*4885176,,,,,,,,,,,,,,,,,

$GPGSA,A,1,,,,,,,,,,,,,,,*1E85211,,,,,,,,,,,,,,,,,

$GPGSV,3,1,12,01,00,000,,02,00,000,,03,00,000,,04,00,000,*7C85270,,,,,,,,,,,,,,,,,

$GPGSV,3,2,12,05,00,000,,06,00,000,,07,00,000,,08,00,000,*7785346,,,,,,,,,,,,,,,,,

$GPGSV,3,3,12,09,00,000,,10,00,000,,11,00,000,,12,00,000,*7185405,,,,,,,,,,,,,,,,,

$GPRMC,,V,,,,,,,,,,N*5385428,,,,,,,,,,,,,,,,,

$GPGGA,,,,,,0,00,,,M,0.0,M,,0000*4886173,,,,,,,,,,,,,,,,,

$GPGSA,A,1,,,,,,,,,,,,,,,*1E86208,,,,,,,,,,,,,,,,,

$GPGSV,3,1,12,01,00,000,,02,00,000,,03,00,000,,04,00,000,*7C86267,,,,,,,,,,,,,,,,,

$GPGSV,3,2,12,05,00,000,,06,00,000,,07,00,000,,08,00,000,*7786327,,,,,,,,,,,,,,,,,

$GPGSV,3,3,12,09,00,000,,10,00,000,,11,00,000,,12,00,000,*7186403,,,,,,,,,,,,,,,,,

$GPRMC,,V,,,,,,,,,,N*5386417,,,,,,,,,,,,,,,,,

$GPGGA,,,,,,0,00,,,M,0.0,M,,0000*4887148,,,,,,,,,,,,,,,,,

$GPGSA,A,1,,,,,,,,,,,,,,,*1E87181,,,,,,,,,,,,,,,,,

$GPGSV,3,1,12,01,00,000,,02,00,000,,03,00,000,,04,00,000,*7C87357,,,,,,,,,,,,,,,,,

$GPGSV,3,2,12,05,00,000,,06,00,000,,07,00,000,,08,00,000,*770,000,000,*7187414,,,,,,,,,,,,,,,,,

$GPRMC,,V,,,,,,,,,,N*5387420,,,,,,,,,,,,,,,,,

$GPGGA,,,,,,0,00,,,M,0.0,M,,0000*4888195,,,,,,,,,,,,,,,,,

$GPGSA,A,1,,,,,,,,,,,,,,,*1E88229,,,,,,,,,,,,,,,,,

$GPGSV,3,1,12,01,00,000,,02,00,000,,03,00,000,,04,00,000,*7C88289,,,,,,,,,,,,,,,,,

$GPGSV,3,2,12,05,00,000,,06,00,000,,07,00,000,,08,00,000,*7788348,,,,,,,,,,,,,,,,,

$GPGSV,3,3,12,09,00,000,,10,00,000,,11,00,000,,12,00,000,*7188408,,,,,,,,,,,,,,,,,

$GPRMC,,V,,,,,,,,,,N*5388424,,,,,,,,,,,,,,,,,

$GPGGA,,,,,,0,00,,,M,0.0,M,,0000*4889139,,,,,,,,,,,,,,,,,

$GPGSA,A,1,,,,,,,,,,,,,,,*1E89174,,,,,,,,,,,,,,,,,

$GPGSV,3,1,12,01,00,000,,02,00,000,,03,00,000,,04,00,000,*7C89251,,,,,,,,,,,,,,,,,

$GPGSV,3,2,12,05,00,000,,06,00,000,,07,00,000,,08,00,000,*7789311,,,,,,,,,,,,,,,,,

$GPGSV,3,3,12,09,00,000,,10,00,000,,11,00,000,,12,00,000,*7189423,,,,,,,,,,,,,,,,,

$GPRMC,,V,,,,,,,,,,N*5389427,,,,,,,,,,,,,,,,,

$GPGGA,,,,,,0,00,,,M,0.0,M,,0000*48115054,,,,,,,,,,,,,,,,,

$GPGSA,A,1,,,,,,,,,,,,,,,*$GPGGA,,,,,,0,00,,,M,0.0,M,,0000*48115187,,,,,,,,,,,,,,,,,

$GPGSA,A,1,,,,,,,,,,,,,,,*P,000,,02,00,000,,03,00,000,,04,00,000,*7C115271,,,,,,,,,,,,,,,,,

$GPGSV,3,2,12,05,00,000,,06,00,000,,07,00,000,,08,00,000,*77115331,,,,,,,,,,,,,,,,,

$SV,3,3,12,09,00,000,,10,00,000,,11,00,000,,12,00,000,*71115382,,,,,,,,,,,,,,,,,

$GPRMC,,V,,,,,,,,,,N*53115388,,,,,,,,,,,,,,,,,

$GPGGA,,,,,,0,00,,,M,0.0,M,,0000*48116133,,,,,,,,,,,,,,,,,

$GPGSA,A,1,,,,,,,,,,,,,,,*1E116168,,,,,,,,,,,,,,,,,

$GPGSV,3,1,12,01,00,000,,02,00,000,,03,00,000,,04,00,000,*7C116228,,,,,,,,,,,,,,,,,

$GPGSV,3,2,12,05,00,000,,06,00,000,,07,00,000,,08,00,000,*77116305,,,,,,,,,,,,,,,,,

$GPGSV,3,3,12,09,00,000,,10,00,000,,11,00,000,,12,00,000,*71116365,,,,,,,,,,,,,,,,,

$GPRMC,,V,,,,,,,,,,N*53116377,,,,,,,,,,,,,,,,,

$GPGGA,,,,,,0,00,,,M,0.0,M,,0000*48117139,,,,,,,,,,,,,,,,,

$GPGSA,A,1,,,,,,,,,,,,,,,*1E117174,,,,,,,,,,,,,,,,,

$GPGSV,3,1,12,01,00,000,,02,00,000,,03,00,000,,04,00,000,*7C117233,,,,,,,,,,,,,,,,,

$GPGSV,3,2,12,05,00,000,,06,00,000,,07,00,000,,08,00,000,*77117295,,,,,,,,,,,,,,,,,

$GPGSV,3,3,12,09,00,000,,10,00,000,,11,00,000,,12,00,000,*71117370,,,,,,,,,,,,,,,,,

$GPRMC,,V,,,,,,,,,,N*53117374,,,,,,,,,,,,,,,,,

$GPGGA,,,,,,0,00,,,M,0.0,M,,0000*48118138,,,,,,,,,,,,,,,,,

$GPGSA,A,1,,,,,,,,,,,,,,,*1E118175,,,,,,,,,,,,,,,,,

$GPGSV,3,1,12,01,00,000,,02,00,000,,03,00,000,,04,00,000,*7C118235,,,,,,,,,,,,,,,,,

$GPGSV,3,2,12,05,00,000,,06,00,000,,07,00,000,,08,00,000,*77118294,,,,,,,,,,,,,,,,,

$GPGSV,3,3,12,09,00,000,,10,00,000,,11,00,000,,12,00,000,*71118353,,,,,,,,,,,,,,,,,

$GPRMC,,V,,,,,,,,,,N*53118378,,,,,,,,,,,,,,,,,

$GPGGA,,,,,,0,00,,,M,0.0,M,,0000*48119117,,,,,,,,,,,,,,,,,

$GPGSA,A,1,,,,,,,,,,,,,,,*1E119154,,,,,,,,,,,,,,,,,

$GPGSV,3,1,12,01,00,000,,02,00,000,,03,00,000,,04,00,000,*7C119214,,,,,,,,,,,,,,,,,

$GPGSV,3,2,12,05,00,000,,06,00,000,,07,00,000,,08,00,000,*77119273,,,,,,,,,,,,,,,,,

$GPGSV,3,3,12,09,00,000,,10,00,000,,11,00,000,,12,00,000,*71119414,,,,,,,,,,,,,,,,,

$GPRMC,,V,,,,,,,,,,N*53119418,,,,,,,,,,,,,,,,,

$GPGGA,,,,,,0,00,,,M,0.0,M,,0000*48145016,,,,,,,,,,,,,,,,,

$GPGSA,A,1,,,,,,,,,,,,,,,*$GPGGA,,,,,,0,00,,,M,0.0,M,,0000*48145088,,,,,,,,,,,,,,,,,

$GPGSA,A,1,,,,,,,,,,,,,,,*1E145123,,,,,,,,,,,,,,,,,

$GPGSV,3,1,12,01,00,000,,02,00,000,,03,00,000,,04,00,000,*7C145182,,,,,,,,,,,,,,,,,

$GPGSV,3,2,12,05,00,000,,06,00,000,,07,00,000,,08,00,000,*77145242,,,,,,,,,,,,,,,,,

$GPGSV,3,3,12,09,00,000,,10,00,000,,11,00,000,,12,00,000,*71145350,,,,,,,,,,,,,,,,,

$GPRMC,,V,,,,,,,,,,N*53145354,,,,,,,,,,,,,,,,,

$GPGGA,,,,,,0,00,,,M,0.0,M,,0000*48146104,,,,,,,,,,,,,,,,,

$GPGSA,A,1,,,,,,,,,,,,,,,*1E146157,,,,,,,,,,,,,,,,,

$GPGSV,3,1,12,01,00,000,,02,00,000,,03,00,000,,04,00,000,*7C146216,,,,,,,,,,,,,,,,,

$GPGSV,3,2,12,05,00,000,,06,00,000,,07,00,000,,08,00,000,*77146276,,,,,,,,,,,,,,,,,

$GPGSV,3,3,12,09,00,000,,10,00,000,,11,00,000,,12,00,000,*71146335,,,,,,,,,,,,,,,,,

$GPRMC,,V,,,,,,,,,,N*53146345,,,,,,,,,,,,,,,,,

$GPGGA,,,,,,0,00,,,M,0.0,M,,0000*48147070,,,,,,,,,,,,,,,,,

$GPGSA,A,1,,,,,,,,,,,,,,,*1E147105,,,,,,,,,,,,,,,,,

$GPGSV,3,1,12,01,00,000,,02,00,000,,03,00,000,,04,00,000,*7C147183,,,,,,,,,,,,,,,,,

$GPGSV,3,2,12,05,00,000,,06,00,000,,07,00,000,,08,00,000,*77147243,,,,,,,,,,,,,,,,,

$GPGSV,3,3,12,09,00,000,,10,00,000,,11,00,000,,12,00,000,*71147351,,,,,,,,,,,,,,,,,

$GPRMC,,V,,,,,,,,,,N*53147355,,,,,,,,,,,,,,,,,

$GPGGA,,,,,,0,00,,,M,0.0,M,,0000*48148068,,,,,,,,,,,,,,,,,

$GPGSA,A,1,,,,,,,,,,,,,,,*1E148105,,,,,,,,,,,,,,,,,

$GPGSV,3,1,12,01,00,000,,02,00,000,,03,00,000,,04,00,000,*7C148164,,,,,,,,,,,,,,,,,

$GPGSV,3,2,12,05,00,000,,06,00,000,,07,00,000,,08,00,000,*77148242,,,,,,,,,,,,,,,,,

$GPGSV,3,3,12,09,00,000,,10,00,000,,11,00,000,,12,00,000,*71148346,,,,,,,,,,,,,,,,,

$GPRMC,,V,,,,,,,,,,N*53148353,,,,,,,,,,,,,,,,,

$GPGGA,,,,,,0,00,,,M,0.0,M,,0000*48149106,,,,,,,,,,,,,,,,,

$GPGSA,A,1,,,,,,,,,,,,,,,*1E149141,,,,,,,,,,,,,,,,,

$GPGSV,3,1,12,01,00,000,,02,00,000,,03,00,000,,04,00,000,*7C149202,,,,,,,,,,,,,,,,,

$GPGSV,3,2,12,05,00,000,,06,00,000,,07,00,000,,08,00,000,*77149262,,,,,,,,,,,,,,,,,

$GPGSV,3,3,12,09,00,000,,10,00,000,,11,00,000,,12,00,000,*71149350,,,,,,,,,,,,,,,,,

$GPRMC,,V,,,,,,,,,,N*53149354,,,,,,,,,,,,,,,,,

$GPGGA,,,,,,0,00,,,M,0.0,M,,0000*48175312,,,,,,,,,,,,,,,,,

$GPGSA,A,1,,,,,,,,,,,,,,,*$GPGGA,,,,,,0,00,,,M,0.0,M,,0000*48176058,,,,,,,,,,,,,,,,,

$GPGSA,A,1,,,,,,,,,,,,,,,*1E176093,,,,,,,,,,,,,,,,,

$GPGSV,3,1,12,01,00,000,,02,00,000,,03,00,000,,04,00,000,*7C176154,,,,,,,,,,,,,,,,,

$GPGSV,3,2,12,05,00,000,,06,00,000,,07,00,000,,08,00,000,*77176214,,,,,,,,,,,,,,,,,

$GPGSV,3,3,12,09,00,000,,10,00,000,,11,00,000,,12,00,000,*71176291,,,,,,,,,,,,,,,,,

$GPRMC,,V,,,,,,,,,,N*53176306,,,,,,,,,,,,,,,,,

$GPGGA,,,,,,0,00,,,M,0.0,M,,0000*48177053,,,,,,,,,,,,,,,,,

$GPGSA,A,1,,,,,,,,,,,,,,,*1E177088,,,,,,,,,,,,,,,,,

$GPGSV,3,1,12,01,00,000,,02,00,000,,03,00,000,,04,00,000,*7C177147,,,,,,,,,,,,,,,,,

$GPGSV,3,2,12,05,00,000,,06,00,000,,07,00,000,,08,00,000,*77177207,,,,,,,,,,,,,,,,,

$GPGSV,3,3,12,09,00,000,,10,00,000,,11,00,000,,12,00,000,*71177315,,,,,,,,,,,,,,,,,

$GPRMC,,V,,,,,,,,,,N*53177324,,,,,,,,,,,,,,,,,

$GPGGA,,,,,,0,00,,,M,0.0,M,,0000*48178053,,,,,,,,,,,,,,,,,

$GPGSA,A,1,,,,,,,,,,,,,,,*1E178087,,,,,,,,,,,,,,,,,

$GPGSV,3,1,12,01,00,000,,02,00,000,,03,00,000,,04,00,000,*7C178147,,,,,,,,,,,,,,,,,

$GPGSV,3,2,12,05,00,000,,06,00,000,,07,00,000,,08,00,000,*77178206,,,,,,,,,,,,,,,,,

$GPGSV,3,3,12,09,00,000,,10,00,000,,11,00,000,,12,00,000,*71178311,,,,,,,,,,,,,,,,,

$GPRMC,,V,,,,,,,,,,N*53178317,,,,,,,,,,,,,,,,,

$GPGGA,,,,,,0,00,,,M,0.0,M,,0000*48179021,,,,,,,,,,,,,,,,,

$GPGSA,A,1,,,,,,,,,,,,,,,*1E179075,,,,,,,,,,,,,,,,,

$GPGSV,3,1,12,01,00,000,,02,00,000,,03,00,000,,04,00,000,*7C179134,,,,,,,,,,,,,,,,,

$GPGSV,3,2,12,05,00,000,,06,00,000,,07,00,000,,08,00,000,*77179193,,,,,,,,,,,,,,,,,

$GPGSV,3,3,12,09,00,000,,10,00,000,,11,00,000,,12,00,000,*71179300,,,,,,,,,,,,,,,,,

$GPRMC,,V,,,,,,,,,,N*53179304,,,,,,,,,,,,,,,,,

$GPGGA,,,,,,0,00,,,M,0.0,M,,0000*48180023,,,,,,,,,,,,,,,,,

$GPGSA,A,1,,,,,,,,,,,,,,,*1E180058,,,,,,,,,,,,,,,,,

$GPGSV,3,1,12,01,00,000,,02,00,000,,03,00,000,,04,00,000,*7C180137,,,,,,,,,,,,,,,,,

$GPGSV,3,2,12,05,00,000,,06,00,000,,07,00,000,,08,00,000,*77180197,,,,,,,,,,,,,,,,,

$GPGSV,3,3,12,09,00,000,,10,00,000,,11,00,000,,12,00,000,*71205117,,,,,,,,,,,,,,,,,

$GPRMC,,V,,,,,,,,,,N*53205148,,,,,,,,,,,,,,,,,

$GPGGA,,,,,,0,00,,,M,0.0,M,S00,,06,00,00,000,,08,00,000,*77205207,,,,,,,,,,,,,,,,,

$GSV,3,3,12,09,00,000,,10,00,000,,11,00,000,,12,00,000,*71205258,,,,,,,,,,,,,,,,,

$GPRMC,,V,,,,,,,,,,N*53205262,,,,,,,,,,,,,,,,,

$GPGGA,,,,,,0,00,,,M,0.0,M,,0000*48206049,,,,,,,,,,,,,,,,,

$GPGSA,A,1,,,,,,,,,,,,,,,*1E,01,00,000,,02,00,000,,03,00,000,,04,00,000,*7C206120,,,,,,,,,,,,,,,,,

$GPGSV,3,2,12,05,00,000,,06,00,000,,07,00,000,,08,00,000,*77206180,,,,,,,,,,,,,,,,,

$GPGSV,3,3,12,09,00,000,,10,00,000,,11,00,000,,12,00,000,*71206239,,,,,,,,,,,,,,,,,

$GPRMC,,V,,,,,,,,,,N*53206254,,,,,,,,,,,,,,,,,

$GPGGA,,,,,,0,00,,,M,0.0,M,,0000*48206983,,,,,,,,,,,,,,,,,

$GPGSA,A,1,,,,,,,,,,,,,,,*1E207017,,,,,,,,,,,,,,,,,

$GPGSV,3,1,12,01,00,000,,02,00,000,,03,00,000,,04,00,000,*7C207095,,,,,,,,,,,,,,,,,

$GPGSV,3,2,12,05,00,000,,06,00,000,,07,00,000,,08,00,000,*77207155,,,,,,,,,,,,,,,,,

$GPGSV,3,3,12,09,00,000,,10,00,000,,11,00,000,,12,00,000,*71207259,,,,,,,,,,,,,,,,,

$GPRMC,,V,,,,,,,,,,N*53207265,,,,,,,,,,,,,,,,,

$GPGGA,,,,,,0,00,,,M,0.0,M,,0000*48208011,,,,,,,,,,,,,,,,,

$GPGSA,A,1,,,,,,,,,,,,,,,*1E208046,,,,,,,,,,,,,,,,,

$GPGSV,3,1,12,01,00,000,,02,00,000,,03,00,000,,04,00,000,*7C208105,,,,,,,,,,,,,,,,,

$GPGSV,3,2,12,05,00,000,,06,00,000,,07,00,000,,08,00,000,*77208183,,,,,,,,,,,,,,,,,

$GPGSV,3,3,12,09,00,000,,10,00,000,,11,00,000,,12,00,000,*71208242,,,,,,,,,,,,,,,,,

$GPRMC,,V,,,,,,,,,,N*53208254,,,,,,,,,,,,,,,,,

$GPGGA,,,,,,0,00,,,M,0.0,M,,0000*48208977,,,,,,,,,,,,,,,,,

$GPGSA,A,1,,,,,,,,,,,,,,,*1E209012,,,,,,,,,,,,,,,,,

$GPGSV,3,1,12,01,00,000,,02,00,000,,03,00,000,,04,00,000,*7C209190,,,,,,,,,,,,,,,,,

$GPGSV,3,2,12,05,00,000,,06,00,000,,07,00,000,,08,00,0,0,,11,00,00,000,*71209248,,,,,,,,,,,,,,,,,

$GPRMC,,V,,,,,,,,,,N*53209258,,,,,,,,,,,,,,,,,

$GPGGA,,,,,,0,00,,,M,0.0,M,,0000*48209971,,,,,,,,,,,,,,,,,

$GPGSA,A,1,,,,,,,,,,,,,,,*1E210006,,,,,,,,,,,,,,,,,

$GPGSV,3,1,12,01,00,000,,02,00,000,,03,00,000,,04,00,000,*7C235210,,,,,,,,,,,,,,,,,

$GPGSV,3,2,12,05,00,000,,06,00,000,,07,00,000,,07,,,,,,N*53235223,,,,,,,,,,,,,,,,,

$GPGGA,,,,,,0,00,,,M,0.0,M,,0000*48235966,,,,,,,,,,,,,,,,,

$GPGSA,A,1,,,,,,,,,,,,,,,*1E236001,,,,,,,,,,,,,,,,,

$GPGSV,3,1,12,01,00,000,,02,00,000,,03,00,000,,04,00,000,*7C236079,,,,,,,,,,,,,,,,,

$GPGSV,3,2,12,05,00,000,,06,00,000,,07,00,000,,08,00,000,*77236138,,,,,,,,,,,,,,,,,

$GPGSV,3,3,12,09,00,000,,10,00,000,,11,00,000,,12,00,000,*71236197,,,,,,,,,,,,,,,,,

$GPRMC,,V,,,,,,,,,,N*53236212,,,,,,,,,,,,,,,,,

$GPGGA,,,,,,0,00,,,M,0.0,M,,0000*48236967,,,,,,,,,,,,,,,,,

$GPGSA,A,1,,,,,,,,,,,,,,,*1E237002,,,,,,,,,,,,,,,,,

$GPGSV,3,1,12,01,00,000,,02,00,000,,03,00,000,,04,00,000,*7C237064,,,,,,,,,,,,,,,,,

$GPGSV,3,2,12,05,00,000,,06,00,000,,07,00,000,,08,00,000,*77237142,,,,,,,,,,,,,,,,,

$GPGSV,3,3,12,09,00,000,,10,00,000,,11,00,000,,12,00,000,*71237201,,,,,,,,,,,,,,,,,

$GPRMC,,V,,,,,,,,,,N*53237209,,,,,,,,,,,,,,,,,

$GPGGA,,,,,,0,00,,,M,0.0,M,,0000*48237969,,,,,,,,,,,,,,,,,

$GPGSA,A,1,,,,,,,,,,,,,,,*1E238004,,,,,,,,,,,,,,,,,

$GPGSV,3,1,12,01,00,000,,02,00,000,,03,00,000,,04,00,000,*7C238063,,,,,,,,,,,,,,,,,

$GPGSV,3,2,12,05,00,000,,06,00,000,,07,00,000,,08,00,000,*77238123,,,,,,,,,,,,,,,,,

$GPGSV,3,3,12,09,00,000,,10,00,000,,11,00,000,,12,00,000,*71238200,,,,,,,,,,,,,,,,,

$GPRMC,,V,,,,,,,,,,N*53238215,,,,,,,,,,,,,,,,,

$GPGGA,,,,,,0,00,,,M,0.0,M,,0000*48238954,,,,,,,,,,,,,,,,,

$GPGSA,A,1,,,,,,,,,,,,,,,*1E238991,,,,,,,,,,,,,,,,,

$GPGSV,3,1,12,01,00,000,,02,00,000,,03,00,000,,04,00,000,*7C239050,,,,,,,,,,,,,,,,,

$GPGSV,3,2,12,05,00,000,,06,00,000,,07,00,000,,08,00,000,*77239110,,,,,,,,,,,,,,,,,

$GPGSV,3,3,12,09,00,000,,10,00,000,,11,00,000,,12,00,000,*71239216,,,,,,,,,,,,,,,,,

$GPRMC,,V,,,,,,,,,,N*53239222,,,,,,,,,,,,,,,,,

$GPGGA,,,,,,0,00,,,M,0.0,M,,0000*48239968,,,,,,,,,,,,,,,,,

$GPGSA,A,1,,,,,,,,,,,,,,,*1E240003,,,,,,,,,,,,,,,,,

$GPGSV,3,1,12,01,00,000,,02,00,000,,03,00,000,,04,00,000,*7C240062,,,,,,,,,,,,,,,,,

$GPGSV,3,2,12,05,00,000,,06,00,000,,07,00,000,,08,00,000,*77240121,,,,,,,,,,,,,,,,,

$GPGSV,3,3,12,09,00,000,,10,00,000,,11,00,000,,12,00,000,*71240183,,,,,,,,,,,,,,,,,

$GPRMC,,V,,,,,,,,,,N*53240203,,,,,,,,,,,,,,,,,

$GPGGA,,,,,,0,00,,,M,0.0,M,,0000*48265150,,,,,,,,,,,,,,,,,

$GPGSA,A,1,,,,,,,,,,,,,,,*,0,,12,00,000,*71265181,,,,,,,,,,,,,,,,,

$GPRMC,,V,,,,,,,,,,N*53265185,,,,,,,,,,,,,,,,,

$GPGGA,,,,,,0,00,,,M,0.0,M,,0000*48265926,,,,,,,,,,,,,,,,,

$GPGSA,A,1,,,,,,,,,,,,,,,*1E265961,,,,,,,,,,,,,,,,,

$GPGSV,3,1,12,01,00,000,,02,00,000,,03,00,000,,04,00,000,*7C266020,,,,,,,,,,,,,,,,,

$GPGSV,3,2,12,05,00,000,,06,00,000,,07,00,000,,08,00,000,*77266080,,,,,,,,,,,,,,,,,

$GPGSV,3,3,12,09,00,000,,10,00,000,,11,00,000,,12,00,000,*71266188,,,,,,,,,,,,,,,,,

$GPRMC,,V,,,,,,,,,,N*53266196,,,,,,,,,,,,,,,,,

$GPGGA,,,,,,0,00,,,M,0.0,M,,0000*48266928,,,,,,,,,,,,,,,,,

$GPGSA,A,1,,,,,,,,,,,,,,,*1E266964,,,,,,,,,,,,,,,,,

$GPGSV,3,1,12,01,00,000,,02,00,000,,03,00,000,,04,00,000,*7C267024,,,,,,,,,,,,,,,,,

$GPGSV,3,2,12,05,00,000,,06,00,000,,07,00,000,,08,00,000,*77267083,,,,,,,,,,,,,,,,,

$GPGSV,3,3,12,09,00,000,,10,00,000,,11,00,000,,12,00,000,*71267143,,,,,,,,,,,,,,,,,

$GPRMC,,V,,,,,,,,,,N*53267169,,,,,,,,,,,,,,,,,

$GPGGA,,,,,,0,00,,,M,0.0,M,,0000*48267915,,,,,,,,,,,,,,,,,

$GPGSA,A,1,,,,,,,,,,,,,,,*1E267968,,,,,,,,,,,,,,,,,

$GPGSV,3,1,12,01,00,000,,02,00,000,,03,00,000,,04,00,000,*7C268029,,,,,,,,,,,,,,,,,

$GPGSV,3,2,12,05,00,000,,06,00,000,,07,00,000,,08,00,000,*77268089,,,,,,,,,,,,,,,,,

$GPGSV,3,3,12,09,00,000,,10,00,000,,11,00,000,,12,00,000,*71268148,,,,,,,,,,,,,,,,,

$GPRMC,,V,,,,,,,,,,N*53268175,,,,,,,,,,,,,,,,,

$GPGGA,,,,,,0,00,,,M,0.0,M,,0000*48268918,,,,,,,,,,,,,,,,,

$GPGSA,A,1,,,,,,,,,,,,,,,*1E268953,,,,,,,,,,,,,,,,,

$GPGSV,3,1,12,01,00,000,,02,00,000,,03,00,000,,04,00,000,*7C269031,,,,,,,,,,,,,,,,,

$GPGSV,3,2,12,05,00,000,,06,00,000,,07,00,000,,08,00,000,*77269090,,,,,,,,,,,,,,,,,

$GPGSV,3,3,12,09,00,000,,10,00,000,,11,00,000,,12,00,000,*71269150,,,,,,,,,,,,,,,,,

$GPRMC,,V,,,,,,,,,,N*53269172,,,,,,,,,,,,,,,,,

$GPGGA,,,,,,0,00,,,M,0.0,M,,0000*48269914,,,,,,,,,,,,,,,,,

$GPGSA,A,1,,,,,,,,,,,,,,,*1E269948,,,,,,,,,,,,,,,,,

$GPGSV,3,1,12,01,00,000,,02,00,000,,03,00,000,,04,00,000,*7C270008,,,,,,,,,,,,,,,,,

$GPGSV,3,2,12,05,00,000,,06,00,000,,07,00,000,,08,00,000,*77270086,,,,,,,,,,,,,,,,,

$GPGSV,3,3,12,09,00,000,,10,00,000,,11,00,000,,12,00,000,*71270145,,,,,,,,,,,,,,,,,

$GPRMC,,V,,,,,,,,,,N*53270170,,,,,,,,,,,,,,,,,

$GPGGA,,,,,,0,00,,,M,0.0,M,,0000*48295157,,,,,,,,,,,,,,,,,

$GPGSA,A,1,,,,,,,,,,,,,,,*$GPGGA,,,,,,0,00,,,M,0.0,M,,0000*48295886,,,,,,,,,,,,,,,,,

$GPGSA,A,1,,,,,,,,,,,,,,,*1E295923,,,,,,,,,,,,,,,,,

$GPGSV,3,1,12,01,00,000,,02,00,000,,03,00,000,,04,00,000,*7C295983,,,,,,,,,,,,,,,,,

$GPGSV,3,2,12,05,00,000,,06,00,000,,07,00,000,,08,00,000,*77296060,,,,,,,,,,,,,,,,,

$GPGSV,3,3,12,09,00,000,,10,00,000,,11,00,000,,12,00,000,*71296120,,,,,,,,,,,,,,,,,

$GPRMC,,V,,,,,,,,,,N*53296130,,,,,,,,,,,,,,,,,

$GPGGA,,,,,,0,00,,,M,0.0,M,,0000*48296865,,,,,,,,,,,,,,,,,

$GPGSA,A,1,,,,,,,,,,,,,,,*1E296900,,,,,,,,,,,,,,,,,

$GPGSV,3,1,12,01,00,000,,02,00,000,,03,00,000,,04,00,000,*7C296960,,,,,,,,,,,,,,,,,

$GPGSV,3,2,12,05,00,000,,06,00,000,,07,00,000,,08,00,000,*77297121,,,,,,,,,,,,,,,,,

$GPGSV,3,3,12,09,00,000,,10,00,000,,11,00,000,,12,00,000,*715$GPGGA,,,,,,0,00,,,M,0.0,M,,0000*48297875,,,,,,,,,,,,,,,,,

$GPGSA,A,1,,,,,,,,,,,,,,,*1E297912,,,,,,,,,,,,,,,,,

$GPGSV,3,1,12,01,00,000,,02,00,000,,03,00,000,,04,00,000,*7C297971,,,,,,,,,,,,,,,,,

$GPGSV,3,2,12,05,00,000,,06,00,000,,07,00,000,,08,00,000,*77298031,,,,,,,,,,,,,,,,,

$GPGSV,3,3,12,09,00,000,,10,00,000,,11,00,000,,12,00,000,*71298135,,,,,,,,,,,,,,,,,

$GPRMC,,V,,,,,,,,,,N*53298139,,,,,,,,,,,,,,,,,

$GPGGA,,,,,,0,00,,,M,0.0,M,,0000*48298889,,,,,,,,,,,,,,,,,

$GPGSA,A,1,,,,,,,,,,,,,,,*1E298924,,,,,,,,,,,,,,,,,

$GPGSV,3,1,12,01,00,000,,02,00,000,,03,00,000,,04,00,000,*7C298983,,,,,,,,,,,,,,,,,

$GPGSV,3,2,12,05,00,000,,06,00,000,,07,00,000,,08,00,000,*77299042,,,,,,,,,,,,,,,,,

$GPGSV,3,3,12,09,00,000,,10,00,000,,11,00,000,,12,00,000,*71299102,,,,,,,,,,,,,,,,,

$GPRMC,,V,,,,,,,,,,N*53299124,,,,,,,,,,,,,,,,,

$GPGGA,,,,,,0,00,,,M,0.0,M,,0000*48299845,,,,,,,,,,,,,,,,,

$GPGSA,A,1,,,,,,,,,,,,,,,*1E299880,,,,,,,,,,,,,,,,,

$GPGSV,3,1,12,01,00,000,,02,00,000,,03,00,000,,04,00,000,*7C299958,,,,,,,,,,,,,,,,,

$GPGSV,3,2,12,05,00,000,,06,00,000,,07,00,000,,08,00,000,*77300017,,,,,,,,,,,,,,,,,

$GPGSV,3,3,12,09,00,000,,10,00,000,,11,00,000,,12,00,000,*71325107,,,,,,,,,,,,,,,,,

$GPRMC,,V,,,,,,,,,,N*53325113,,,,,,,,,,,,,,,,,

$GPGGA,,,,,,0,0$GPGGA,,,,,,0,00,,,M,0.0,M,,0000*48325828,,,,,,,,,,,,,,,,,

$GPGSA,A,1,,,,,,,,,,,,,,,*1E325863,,,,,,,,,,,,,,,,,

$GPGSV,3,1,12,01,00,000,,02,00,000,,03,00,000,,04,00,000,*7C325922,,,,,,,,,,,,,,,,,

$GPGSV,3,2,12,05,00,000,,06,00,000,,07,00,000,,08,00,000,*77326000,,,,,,,,,,,,,,,,,

$GPGSV,3,3,12,09,00,000,,10,00,000,,11,00,000,,12,00,000,*71326060,,,,,,,,,,,,,,,,,

$GPRMC,,V,,,,,,,,,,N*53326080,,,,,,,,,,,,,,,,,

$GPGGA,,,,,,0,00,,,M,0.0,M,,0000*48326836,,,,,,,,,,,,,,,,,

$GPGSA,A,1,,,,,,,,,,,,,,,*1E326871,,,,,,,,,,,,,,,,,

$GPGSV,3,1,12,01,00,000,,02,00,000,,03,00,000,,04,00,000,*7C326930,,,,,,,,,,,,,,,,,

$GPGSV,3,2,12,05,00,000,,06,00,000,,07,00,000,,08,00,000,*77326989,,,,,,,,,,,,,,,,,

$GPGSV,3,3,12,09,00,000,,10,00,000,,11,00,000,,12,00,000,*71327067,,,,,,,,,,,,,,,,,

$GPRMC,,V,,,,,,,,,,N*53327086,,,,,,,,,,,,,,,,,

$GPGGA,,,,,,0,00,,,M,0.0,M,,0000*48327829,,,,,,,,,,,,,,,,,

$GPGSA,A,1,,,,,,,,,,,,,,,*1E327866,,,,,,,,,,,,,,,,,

$GPGSV,3,1,12,01,00,000,,02,00,000,,03,00,000,,04,00,000,*7C327925,,,,,,,,,,,,,,,,,

$GPGSV,3,2,12,05,00,000,,06,00,000,,07,00,000,,08,00,000,*77327985,,,,,,,,,,,,,,,,,

$GPGSV,3,3,12,09,00,000,,10,00,000,,11,00,000,,12,00,000,*71328093,,,,,,,,,,,,,,,,,

$GPRMC,,V,,,,,,,,,,N*53328103,,,,,,,,,,,,,,,,,

$GPGGA,,,,,,0,00,,,M,0.0,M,,0000*48328808,,,,,,,,,,,,,,,,,

$GPGSA,A,1,,,,,,,,,,,,,,,*1E328843,,,,,,,,,,,,,,,,,

$GPGSV,3,1,12,01,00,000,,02,00,000,,03,00,000,,04,00,000,*7C328902,,,,,,,,,,,,,,,,,

$GPGSV,3,2,12,05,00,000,,06,00,000,,07,00,000,,08,00,000,*77329074,,,,,,,,,,,,,,,,,

$GPGSV,3,3,12,09,00,000,,10,00,000,,1,,,,,N*53329080,,,,,,,,,,,,,,,,,

$GPGGA,,,,,,0,00,,,M,0.0,M,,0000*48329822,,,,,,,,,,,,,,,,,

$GPGSA,A,1,,,,,,,,,,,,,,,*1E329875,,,,,,,,,,,,,,,,,

$GPGSV,3,1,12,01,00,000,,02,00,000,,03,00,000,,04,00,000,*7C329934,,,,,,,,,,,,,,,,,

$GPGSV,3,2,12,05,00,000,,06,00,000,,07,00,000,,08,00,000,*77329994,,,,,,,,,,,,,,,,,

$GPGSV,3,3,12,09,00,000,,10,00,000,,11,00,000,,12,00,000,*71330053,,,,,,,,,,,,,,,,,

$GPRMC,,V,,,,,,,,,,N*53330080,,,,,,,,,,,,,,,,,

$GPGGA,,,,,,0,00,,,M,0.0,M,,0000*48355082,,,,,,,,,,,,,,,,,

$GPGSA,A,1,,,,,,,,,,,,,,,*$GPGGA,,,,,,0,00,,,M,0.0,M,,0000*48355782,,,,,,,,,,,,,,,,,

$GPGSA,A,1,,,,,,,,,,,,,,,*1E355835,,,,,,,,,,,,,,,,,

$GPGSV,3,1,12,01,00,000,,02,00,000,,03,00,000,,04,00,000,*7C355895,,,,,,,,,,,,,,,,,

$GPGSV,3,2,12,05,00,000,,06,00,000,,07,00,000,,08,00,000,*77355956,,,,,,,,,,,,,,,,,

$GPGSV,3,3,12,09,00,000,,10,00,000,,11,00,000,,12,00,000,*71356016,,,,,,,,,,,,,,,,,

$GPRMC,,V,,,,,,,,,,N*53356040,,,,,,,,,,,,,,,,,

$GPGGA,,,,,,0,00,,,M,0.0,M,,0000*48356796,,,,,,,,,,,,,,,,,

$GPGSA,A,1,,,,,,,,,,,,,,,*1E356833,,,,,,,,,,,,,,,,,

$GPGSV,3,1,12,01,00,000,,02,00,000,,03,00,000,,04,00,000,*7C356909,,,,,,,,,,,,,,,,,

$GPGSV,3,2,12,05,00,000,,06,00,000,,07,00,000,,08,00,000,*77356968,,,,,,,,,,,,,,,,,

$GPGSV,3,3,12,09,00,000,,10,00,000,,11,00,000,,12,00,000,*71357029,,,,,,,,,,,,,,,,,

$GPRMC,,V,,,,,,,,,,N*53357040,,,,,,,,,,,,,,,,,

$GPGGA,,,,,,0,00,,,M,0.0,M,,0000*48357783,,,,,,,,,,,,,,,,,

$GPGSA,A,1,,,,,,,,,,,,,,,*1E357818,,,,,,,,,,,,,,,,,

$GPGSV,3,1,12,01,00,000,,02,00,000,,03,00,000,,04,00,000,*7C357877,,,,,,,,,,,,,,,,,

$GPGSV,3,2,12,05,00,000,,06,00,000,,07,00,000,,08,00,000,*77357955,,,,,,,,,,,,,,,,,

$GPGSV,3,3,12,09,00,000,,10,00,000,,11,00,000,,12,00,000,*71358060,,,,,,,,,,,,,,,,,

$GPRMC,,V,,,,,,,,,,N*53358066,,,,,,,,,,,,,,,,,

$GPGGA,,,,,,0,00,,,M,0.0,M,,0000*48358789,,,,,,,,,,,,,,,,,

$GPGSA,A,1,,,,,,,,,,,,,,,*1E358823,,,,,,,,,,,,,,,,,

$GPGSV,3,1,12,01,00,000,,02,00,000,,03,00,000,,04,00,000,*7C358883,,,,,,,,,,,,,,,,,

$GPGSV,3,2,12,05,00,000,,06,00,000,,07,00,000,,08,00,000,*77358942,,,,,,,,,,,,,,,,,

$GPGSV,3,3,12,09,00,000,,10,00,000,,11,00,000,,12,00,000,*71359020,,,,,,,,,,,,,,,,,

$GPRMC,,V,,,,,,,,,,N*53359043,,,,,,,,,,,,,,,,,

$GPGGA,,,,,,0,00,,,M,0.0,M,,0000*48359796,,,,,,,,,,,,,,,,,

$GPGSA,A,1,,,,,,,,,,,,,,,*1E359833,,,,,,,,,,,,,,,,,

$GPGSV,3,1,12,01,00,000,,02,00,000,,03,00,000,,04,00,000,*7C359892,,,,,,,,,,,,,,,,,

$GPGSV,3,2,12,05,00,000,,06,00,000,,07,00,000,,08,00,000,*77359952,,,,,,,,,,,,,,,,,

$GPGSV,3,3,12,09,00,000,,10,00,000,,11,00,000,,12,00,000,*71360011,,,,,,,,,,,,,,,,,

$GPRMC,,V,,,,,,,,,,N*53360038,,,,,,,,,,,,,,,,,

$GPGGA,,,,,,0,00,,,M,0.0,M,,0000*48385015,,,,,,,,,,,,,,,,,

$GPGSA,A,1,,,,,,,,,,,,,,,*$GPGGA,,,,,,0,00,,,M,0.0,M,,0000*48385751,,,,,,,,,,,,,,,,,

$GPGSA,A,1,,,,,,,,,,,,,,,*1E385787,,,,,,,,,,,,,,,,,

$GPGSV,3,1,12,01,00,000,,02,00,000,,03,00,000,,04,00,000,*7C385847,,,,,,,,,,,,,,,,,

$GPGSV,3,2,12,05,00,000,,06,00,000,,07,00,000,,08,00,000,*77385906,,,,,,,,,,,,,,,,,

$GPGSV,3,3,12,09,00,000,,10,00,000,,11,00,000,,12,00,000,*71386013,,,,,,,,,,,,,,,,,

$GPRMC,,V,,,,,,,,,,N*53386019,,,,,,,,,,,,,,,,,

$GPGGA,,,,,,0,00,,,M,0.0,M,,0000*48386746,,,,,,,,,,,,,,,,,

$GPGSA,A,1,,,,,,,,,,,,,,,*1E386783,,,,,,,,,,,,,,,,,

$GPGSV,3,1,12,01,00,000,,02,00,000,,03,00,000,,04,00,000,*7C386842,,,,,,,,,,,,,,,,,

$GPGSV,3,2,12,05,00,000,,06,00,000,,07,00,000,,08,00,000,*77386902,,,,,,,,,,,,,,,,,

$GPGSV,3,3,12,09,00,000,,10,00,000,,11,00,000,,12,00,000,*71387010,,,,,,,,,,,,,,,,,

$GPRMC,,V,,,,,,,,,,N*53387014,,,,,,,,,,,,,,,,,

$GPGGA,,,,,,0,00,,,M,0.0,M,,0000*48387739,,,,,,,,,,,,,,,,,

$GPGSA,A,1,,,,,,,,,,,,,,,*1E387790,,,,,,,,,,,,,,,,,

$GPGSV,3,1,12,01,00,000,,02,00,000,,03,00,000,,04,00,000,*7C387852,,,,,,,,,,,,,,,,,

$GPGSV,3,2,12,05,00,000,,06,00,000,,07,00,000,,08,00,000,*77387911,,,,,,,,,,,,,,,,,

$GPGSV,3,3,12,09,00,000,,10,00,000,,11,00,000,,12,00,000,*71387971,,,,,,,,,,,,,,,,,

$GPRMC,,V,,,,,,,,,,N*53387991,,,,,,,,,,,,,,,,,

$GPGGA,,,,,,0,00,,,M,0.0,M,,0000*48388739,,,,,,,,,,,,,,,,,

$GPGSA,A,1,,,,,,,,,,,,,,,*1E388773,,,,,,,,,,,,,,,,,

$GPGSV,3,1,12,01,00,000,,02,00,000,,03,00,000,,04,00,000,*7C388851,,,,,,,,,,,,,,,,,

$GPGSV,3,2,12,05,00,000,,06,00,000,,07,00,000,,08,00,000,*77388911,,,,,,,,,,,,,,,,,

$GPGSV,3,3,12,09,00,000,,10,00,000,,11,00,000,,12,00,000,*71388970,,,,,,,,,,,,,,,,,

$GPRMC,,V,,,,,,,,,,N*53388997,,,,,,,,,,,,,,,,,

$GPGGA,,,,,,0,00,,,M,0.0,M,,0000*48389742,,,,,,,,,,,,,,,,,

$GPGSA,A,1,,,,,,,,,,,,,,,*1E389777,,,,,,,,,,,,,,,,,

$GPGSV,3,1,12,01,00,000,,02,00,000,,03,00,000,,04,00,000,*7C389836,,,,,,,,,,,,,,,,,

$GPGSV,3,2,12,05,00,000,,06,00,000,,07,00,000,,08,00,000,*77389914,,,,,,,,,,,,,,,,,

$GPGSV,3,3,12,09,00,000,,10,00,000,,11,00,000,,12,00,000,*71389974,,,,,,,,,,,,,,,,,

$GPRMC,,V,,,,,,,,,,N*53389994,,,,,,,,,,,,,,,,,

$GPGGA,,,,,,0,00,,,M,0.0,M,,0000*48415086,,,,,,,,,,,,,,,,,

$GPGSA,A,1,,,,,,,,,,,,,,,*$GPGGA,,,,,,0,00,,,M,0.0,M,,0000*48415715,,,,,,,,,,,,,,,,,

$GPGSA,A,1,,,,,,,,,,,,,,,*1E415752,,,,,,,,,,,,,,,,,

$GPGSV,3,1,12,01,00,000,,02,00,000,,03,00,000,,04,00,000,*7C415811,,,,,,,,,,,,,,,,,

$GPGSV,3,2,12,05,00,000,,06,00,000,,07,00,000,,08,00,000,*77415889,,,,,,,,,,,,,,,,,

$GPGSV,3,3,12,09,00,000,,10,00,000,,11,00,000,,12,00,000,*71415948,,,,,,,,,,,,,,,,,

$GPRMC,,V,,,,,,,,,,N*53415959,,,,,,,,,,,,,,,,,

$GPGGA,,,,,,0,00,,,M,0.0,M,,0000*48416712,,,,,,,,,,,,,,,,,

$GPGSA,A,1,,,,,,,,,,,,,,,*1E416747,,,,,,,,,,,,,,,,,

$GPGSV,3,1,12,01,00,000,,02,00,000,,03,00,000,,04,00,000,*7C416806,,,,,,,,,,,,,,,,,

$GPGSV,3,2,12,05,00,000,,06,00,000,,07,00,000,,08,00,000,*77416866,,,,,,,,,,,,,,,,,

$GPGSV,3,3,12,09,00,000,,10,00,000,,11,00,000,,12,00,000,*71416944,,,,,,,,,,,,,,,,,

$GPRMC,,V,,,,,,,,,,N*53416956,,,,,,,,,,,,,,,,,

$GPGGA,,,,,,0,00,,,M,0.0,M,,0000*48417699,,,,,,,,,,,,,,,,,

$GPGSA,A,1,,,,,,,,,,,,,,,*1E417734,,,,,,,,,,,,,,,,,

$GPGSV,3,1,12,01,00,000,,02,00,000,,03,00,000,,04,00,000,*7C417794,,,,,,,,,,,,,,,,,

$GPGSV,3,2,12,05,00,000,,06,00,000,,07,00,000,,08,00,000,*77417853,,,,,,,,,,,,,,,,,

$GPGSV,3,3,12,09,00,000,,10,00,000,,11,00,000,,12,00,000,*71417964,,,,,,,,,,,,,,,,,

$GPRMC,,V,,,,,,,,,,N*53417974,,,,,,,,,,,,,,,,,

$GPGGA,,,,,,0,00,,,M,0.0,M,,0000*48418721,,,,,,,,,,,,,,,,,

$GPGSA,A,1,,,,,,,,,,,,,,,*1E418756,,,,,,,,,,,,,,,,,

$GPGSV,3,1,12,01,00,000,,02,00,000,,03,00,000,,04,00,000,*7C418816,,,,,,,,,,,,,,,,,

$GPGSV,3,2,12,05,00,000,,06,00,000,,07,00,000,,08,00,000,*77418875,,,,,,,,,,,,,,,,,

$GPGSV,3,3,12,09,00,000,,10,00,000,,11,00,000,,12,00,000,*71418934,,,,,,,,,,,,,,,,,

$GPRMC,,V,,,,,,,,,,N*53418953,,,,,,,,,,,,,,,,,

$GPGGA,,,,,,0,00,,,M,0.0,M,,0000*48419702,,,,,,,,,,,,,,,,,

$GPGSA,A,1,,,,,,,,,,,,,,,*1E419756,,,,,,,,,,,,,,,,,

$GPGSV,3,1,12,01,00,000,,02,00,000,,03,00,000,,04,00,000,*7C419815,,,,,,,,,,,,,,,,,

$GPGSV,3,2,12,05,00,000,,06,00,000,,07,00,000,,08,00,000,*77419874,,,,,,,,,,,,,,,,,

$GPGSV,3,3,12,09,00,000,,10,00,000,,11,00,000,,12,00,000,*71419934,,,,,,,,,,,,,,,,,

$GPRMC,,V,,,,,,,,,,N*53419952,,,,,,,,,,,,,,,,,

$GPGGA,,,,,,0,00,,,M,0.0,M,,0000*48445052,,,,,,,,,,,,,,,,,

$GPGSA,A,1,,,,,,,,,,,,,,,*$GPGGA,,,,,,0,00,,,M,0.0,M,,0000*48445665,,,,,,,,,,,,,,,,,

$GPGSA,A,1,,,,,,,,,,,,,,,*1E445718,,,,,,,,,,,,,,,,,

$GPGSV,3,1,12,01,00,000,,02,00,000,,03,00,000,,04,00,000,*7C445779,,,,,,,,,,,,,,,,,

$GPGSV,3,2,12,05,00,000,,06,00,000,,07,00,000,,08,00,000,*77445839,,,,,,,,,,,,,,,,,

$GPGSV,3,3,12,09,00,000,,10,00,000,,11,00,000,,12,00,000,*71445898,,,,,,,,,,,,,,,,,

$GPRMC,,V,,,,,,,,,,N*53445919,,,,,,,,,,,,,,,,,

$GPGGA,,,,,,0,00,,,M,0.0,M,,0000*48446681,,,,,,,,,,,,,,,,,

$GPGSA,A,1,,,,,,,,,,,,,,,*1E446715,,,,,,,,,,,,,,,,,

$GPGSV,3,1,12,01,00,000,,02,00,000,,03,00,000,,04,00,000,*7C446793,,,,,,,,,,,,,,,,,

$GPGSV,3,2,1,05,00,000,,06,00,000,,07,00,000,,08,00,000,*77446851,,,,,,,,,,,,,,,,,

$GPGSV,3,3,12,09,00,000,,10,00,000,,11,00,000,,12,00,000,*71446910,,,,,,,,,,,,,,,,,

$GPRMC,,V,,,,,,,,,,N*53446916,,,,,,,,,,,,,,,,,

$GPGGA,,,,,,0,00,,,M,0.0,M,,0000*48447657,,,,,,,,,,,,,,,,,

$GPGSA,A,1,,,,,,,,,,,,,,,*1E447694,,,,,,,,,,,,,,,,,

$GPGSV,3,1,12,01,00,000,,02,00,000,,03,00,000,,04,00,000,*7C447754,,,,,,,,,,,,,,,,,

$GPGSV,3,2,12,05,00,000,,06,00,000,,07,00,000,,08,00,000,*77447832,,,,,,,,,,,,,,,,,

$GPGSV,3,3,12,09,00,000,,10,00,000,,11,00,000,,12,00,000,*71447891,,,,,,,,,,,,,,,,,

$GPRMC,,V,,,,,,,,,,N*53447913,,,,,,,,,,,,,,,,,

$GPGGA,,,,,,0,00,,,M,0.0,M,,0000*48448667,,,,,,,,,,,,,,,,,

$GPGSA,A,1,,,,,,,,,,,,,,,*1E448704,,,,,,,,,,,,,,,,,

$GPGSV,3,1,12,01,00,000,,02,00,000,,03,00,000,,04,00,000,*7C448763,,,,,,,,,,,,,,,,,

$GPGSV,3,2,12,05,00,000,,06,00,000,,07,00,000,,08,00,000,*77448823,,,,,,,,,,,,,,,,,

$GPGSV,3,3,12,09,00,000,,10,00,000,,11,00,000,,12,00,000,*71448901,,,,,,,,,,,,,,,,,

$GPRMC,,V,,,,,,,,,,N*53448915,,,,,,,,,,,,,,,,,

$GPGGA,,,,,,0,00,,,M,0.0,M,,0000*48449677,,,,,,,,,,,,,,,,,

$GPGSA,A,1,,,,,,,,,,,,,,,*1E449714,,,,,,,,,,,,,,,,,

$GPGSV,3,1,12,01,00,000,,02,00,000,,03,00,000,,04,00,000,*7C449773,,,,,,,,,,,,,,,,,

$GPGSV,3,2,12,05,00,000,,06,00,000,,07,00,000,,08,00,000,*77449832,,,,,,,,,,,,,,,,,

$GPGSV,3,3,12,09,00,000,,10,00,000,,11,00,000,,12,00,000,*71449892,,,,,,,,,,,,,,,,,

$GPRMC,,V,,,,,,,,,,N*53449925,,,,,,,,,,,,,,,,,

$GPGGA,,,,,,0,00,,,M,0.0,M,,0000*48475033,,,,,,,,,,,,,,,,,

$GPGSA,A,1,,,,,,,,,,,,,,,*$GPGGA,,,,,,0,00,,,M,0.0,M,,0000*48475639,,,,,,,,,,,,,,,,,

$GPGSA,A,1,,,,,,,,,,,,,,,*1E475674,,,,,,,,,,,,,,,,,

$GPGSV,3,1,12,01,00,000,,02,00,000,,03,00,000,,04,00,000,*7C475734,,,,,,,,,,,,,,,,,

$GPGSV,3,2,12,05,00,000,,06,00,000,,07,00,000,,08,00,000,*77475793,,,,,,,,,,,,,,,,,

$GPGSV,3,3,12,09,00,000,,10,00,000,,11,00,000,,12,00,000,*71475854,,,,,,,,,,,,,,,,,

$GPRMC,,V,,,,,,,,,,N*53475875,,,,,,,,,,,,,,,,,

$GPGGA,,,,,,0,00,,,M,0.0,M,,0000*48476643,,,,,,,,,,,,,,,,,

$GPGSA,A,1,,,,,,,,,,,,,,,*1E476680,,,,,,,,,,,,,,,,,

$GPGSV,3,1,12,01,00,000,,02,00,000,,03,00,000,,04,00,000,*7C476739,,,,,,,,,,,,,,,,,

$GPGSV,3,2,12,05,00,000,,06,00,000,,07,00,000,,08,00,000,*77476798,,,,,,,,,,,,,,,,,

$GPGSV,3,3,12,09,00,000,,10,00,000,,11,00,000,,12,00,000,*71476858,,,,,,,,,,,,,,,,,

$GPRMC,,V,,,,,,,,,,N*53476876,,,,,,,,,,,,,,,,,

$GPGGA,,,,,,0,00,,,M,0.0,M,,0000*48477622,,,,,,,,,,,,,,,,,

$GPGSA,A,1,,,,,,,,,,,,,,,*1E477657,,,,,,,,,,,,,,,,,

$GPGSV,3,1,12,01,00,000,,02,00,000,,03,00,000,,04,00,000,*7C477716,,,,,,,,,,,,,,,,,

$GPGSV,3,2,12,05,00,000,,06,00,000,,07,00,000,,08,00,000,*77477775,,,,,,,,,,,,,,,,,

$GPGSV,3,3,12,09,00,000,,10,00,000,,11,00,000,,12,00,000,*71477890,,,,,,,,,,,,,,,,,

$GPRMC,,V,,,,,,,,,,N*53477894,,,,,,,,,,,,,,,,,

$GPGGA,,,,,,0,00,,,M,0.0,M,,0000*48478633,,,,,,,,,,,,,,,,,

$GPGSA,A,1,,,,,,,,,,,,,,,*1E478668,,,,,,,,,,,,,,,,,

$GPGSV,3,1,12,01,00,000,,02,00,000,,03,00,000,,04,00,000,*7C478746,,,,,,,,,,,,,,,,,

$,3,2,12,05,00,000,,06,00,000,,07,00,000,,08,00,000,*77478803,,,,,,,,,,,,,,,,,

$GPGSV,3,3,12,09,00,000,,10,00,000,,11,00,000,,12,00,000,*71478863,,,,,,,,,,,,,,,,,

$GPRMC,,V,,,,,,,,,,N*53478869,,,,,,,,,,,,,,,,,

$GPGGA,,,,,,0,00,,,M,0.0,M,,0000*48479629,,,,,,,,,,,,,,,,,

$GPGSA,A,1,,,,,,,,,,,,,,,*1E479666,,,,,,,,,,,,,,,,,

$GPGSV,3,1,12,01,00,000,,02,00,000,,03,00,000,,04,00,000,*7C479725,,,,,,,,,,,,,,,,,

$GPGSV,3,2,12,05,00,000,,06,00,000,,07,00,000,,08,00,000,*77479803,,,,,,,,,,,,,,,,,

$GPGSV,3,3,12,09,00,000,,10,00,000,,11,00,000,,12,00,000,*71479862,,,,,,,,,,,,,,,,,

$GPRMC,,V,,,,,,,,,,N*53479873,,,,,,,,,,,,,,,,,

$GPGGA,,,,,,0,00,,,M,0.0,M,,0000*48505028,,,,,,,,,,,,,,,,,

$GPGSA,A,1,,,,,,,,,,,,,,,*$GPGGA,,,,,,0,00,,,M,0.0,M,,0000*48505600,,,,,,,,,,,,,,,,,

$GPGSA,A,1,,,,,,,,,,,,,,,*1E505636,,,,,,,,,,,,,,,,,

$GPGSV,3,1,12,01,00,000,,02,00,000,,03,00,000,,04,00,000,*7C505696,,,,,,,,,,,,,,,,,

$GPGSV,3,2,12,05,00,000,,06,00,000,,07,00,000,,08,00,000,*77505774,,,,,,,,,,,,,,,,,

$GPGSV,3,3,12,09,00,000,,10,00,000,,11,00,000,,12,00,000,*71505829,,,,,,,,,,,,,,,,,

$GPRMC,,V,,,,,,,,,,N*53505835,,,,,,,,,,,,,,,,,

$GPGGA,,,,,,0,00,,,M,0.0,M,,0000*48506589,,,,,,,,,,,,,,,,,

$GPGSA,A,1,,,,,,,,,,,,,,,*1E506624,,,,,,,,,,,,,,,,,

$GPGSV,3,1,12,01,00,000,,02,00,000,,03,00,000,,04,00,000,*7C506683,,,,,,,,,,,,,,,,,

$GPGSV,3,2,12,05,00,000,,06,00,000,,07,00,000,,08,00,000,*77506742,,,,,,,,,,,,,,,,,

$GPGSV,3,3,12,09,00,000,,10,00,000,,11,00,000,,12,00,000,*71506820,,,,,,,,,,,,,,,,,

$GPRMC,,V,,,,,,,,,,N*53506839,,,,,,,,,,,,,,,,,

$GPGGA,,,,,,0,00,,,M,0.0,M,,0000*48507600,,,,,,,,,,,,,,,,,

$GPGSA,A,1,,,,,,,,,,,,,,,*1E507635,,,,,,,,,,,,,,,,,

$GPGSV,3,1,12,01,00,000,,02,00,000,,03,00,000,,04,00,000,*7C507695,,,,,,,,,,,,,,,,,

$GPGSV,3,2,12,05,00,000,,06,00,000,,07,00,000,,08,00,000,*77507754,,,,,,,,,,,,,,,,,

$GPGSV,3,3,12,09,00,000,,10,00,000,,11,00,000,,12,00,000,*71507815,,,,,,,,,,,,,,,,,

$GPRMC,,V,,,,,,,,,,N*53507836,,,,,,,,,,,,,,,,,

$GPGGA,,,,,,0,00,,,M,0.0,M,,0000*48508563,,,,,,,,,,,,,,,,,

$GPGSA,A,1,,,,,,,,,,,,,,,*1E508600,,,,,,,,,,,,,,,,,

$GPGSV,3,1,12,01,00,000,,02,00,000,,03,00,000,,04,00,000,*7C508659,,,,,,,,,,,,,,,,,

$GPGSV,3,2,12,05,00,000,,06,00,000,,07,00,000,,08,00,000,*77508829,,,,,,,,,,,,,,,,,

$GPGSV,3,3,12,09,00,000,,10,00,000,,11,00,000,508837,,,,,,,,,,,,,,,,,

$GPGGA,,,,,,0,00,,,M,0.0,M,,0000*48509585,,,,,,,,,,,,,,,,,

$GPGSA,A,1,,,,,,,,,,,,,,,*1E509638,,,,,,,,,,,,,,,,,

$GPGSV,3,1,12,01,00,000,,02,00,000,,03,00,000,,04,00,000,*7C509698,,,,,,,,,,,,,,,,,

$GPGSV,3,2,12,05,00,000,,06,00,000,,07,00,000,,08,00,000,*77509757,,,,,,,,,,,,,,,,,

$GPGSV,3,3,12,09,00,000,,10,00,000,,11,00,000,,12,00,000,*71509818,,,,,,,,,,,,,,,,,

$GPRMC,,V,,,,,,,,,,N*53509835,,,,,,,,,,,,,,,,,

$GPGGA,,,,,,0,00,,,M,0.0,M,,0000*48535017,,,,,,,,,,,,,,,,,

$GPGSA,A,1,,,,,,,,,,,,,,,*$GPGGA,,,,,,0,00,,,M,0.0,M,,0000*48535535,,,,,,,,,,,,,,,,,

$GPGSA,A,1,,,,,,,,,,,,,,,*1E535586,,,,,,,,,,,,,,,,,

$GPGSV,3,1,12,01,00,000,,02,00,000,,03,00,000,,04,00,000,*7C535648,,,,,,,,,,,,,,,,,

$GPGSV,3,2,12,05,00,000,,06,00,000,,07,00,000,,08,00,000,*77535707,,,,,,,,,,,,,,,,,

$GPGSV,3,3,12,09,00,000,,10,00,000,,11,00,000,,12,00,000,*71535767,,,,,,,,,,,,,,,,,

$GPRMC,,V,,,,,,,,,,N*53535789,,,,,,,,,,,,,,,,,

$GPGGA,,,,,,0,00,,,M,0.0,M,,0000*48536530,,,,,,,,,,,,,,,,,

$GPGSA,A,1,,,,,,,,,,,,,,,*1E536565,,,,,,,,,,,,,,,,,

$GPGSV,3,1,12,01,00,000,,02,00,000,,03,00,000,,04,00,000,*7C536641,,,,,,,,,,,,,,,,,

$GPGSV,3,2,12,05,00,000,,06,00,000,,07,00,000,,08,00,000,*77536700,,,,,,,,,,,,,,,,,

$GPGSV,3,3,12,09,00,000,,10,00,000,,11,00,000,,12,00,000,*71536811,,,,,,,,,,,,,,,,,

$GPRMC,,V,,,,,,,,,,N*53536815,,,,,,,,,,,,,,,,,

$GPGGA,,,,,,0,00,,,M,0.0,M,,0000*48537544,,,,,,,,,,,,,,,,,

$GPGSA,A,1,,,,,,,,,,,,,,,*1E537579,,,,,,,,,,,,,,,,,

$GPGSV,3,1,12,01,00,000,,02,00,000,,03,00,000,,04,00,000,*7C537638,,,,,,,,,,,,,,,,,

$GPGSV,3,2,12,05,00,000,,06,00,000,,07,00,000,,08,00,000,*77537716,,,,,,,,,,,,,,,,,

$GPGSV,3,3,12,09,00,000,,10,00,000,,11,00,000,,12,00,000,*71537776,,,,,,,,,,,,,,,,,

$GPRMC,,V,,,,,,,,,,N*53537790,,,,,,,,,,,,,,,,,

$GPGGA,,,,,,0,00,,,M,0.0,M,,0000*48538521,,,,,,,,,,,,,,,,,

$GPGSA,A,1,,,,,,,,,,,,,,,*1E538556,,,,,,,,,,,,,,,,,

$GPGSV,3,1,12,01,00,000,,02,00,000,,03,00,000,,04,00,000,*7C538615,,,,,,,,,,,,,,,,,

$GPGSV,3,2,12,05,00,000,,06,00,000,,07,00,000,,08,00,000,*77538787,,,,,,,,,,,,,,,,,

$GPGSV,3,3,12,09,00,000,,10,00,000,,11,00,03$GPGGA,,,,,,0,00,,,M,0.0,M,,0000*48539551,,,,,,,,,,,,,,,,,

$GPGSA,A,1,,,,,,,,,,,,,,,*1E539586,,,,,,,,,,,,,,,,,

$GPGSV,3,1,12,01,00,000,,02,00,000,,03,00,000,,04,00,000,*7C539645,,,,,,,,,,,,,,,,,

$GPGSV,3,2,12,05,00,000,,06,00,000,,07,00,000,,08,00,000,*77539705,,,,,,,,,,,,,,,,,

$GPGSV,3,3,12,09,00,000,,10,00,000,,11,00,000,,12,00,000,*71539764,,,,,,,,,,,,,,,,,

$GPRMC,,V,,,,,,,,,,N*53539789,,,,,,,,,,,,,,,,,

$GPGGA,,,,,,0,00,,,M,0.0,M,,0000*48565049,,,,,,,,,,,,,,,,,

$GPGSA,A,1,,,,,,,,,,,,,,,*$GPGGA,,,,,,0,00,,,M,0.0,M,,0000*48565475,,,,,,,,,,,,,,,,,

$GPGSA,A,1,,,,,,,,,,,,,,,*1E565510,,,,,,,,,,,,,,,,,

$GPGSV,3,1,12,01,00,000,,02,00,000,,03,00,000,,04,00,000,*7C565706,,,,,,,,,,,,,,,,,

$GPGSV,3,2,12,05,00,000,,06,00,000,,07,00,000,,0000,,12,00,000,GPRMC,,V,,,,,,,,,,N*53565751,,,,,,,,,,,,,,,,,

$GPGGA,,,,,,0,00,,,M,0.0,M,,0000*48566509,,,,,,,,,,,,,,,,,

$GPGSA,A,1,,,,,,,,,,,,,,,*1E566544,,,,,,,,,,,,,,,,,

$GPGSV,3,1,12,01,00,000,,02,00,000,,03,00,000,,04,00,000,*7C566603,,,,,,,,,,,,,,,,,

$GPGSV,3,2,12,05,00,000,,06,00,000,,07,00,000,,08,00,000,*77566681,,,,,,,,,,,,,,,,,

$GPGSV,3,3,12,09,00,000,,10,00,000,,11,00,000,,12,00,000,*71566740,,,,,,,,,,,,,,,,,

$GPRMC,,V,,,,,,,,,,N*53566755,,,,,,,,,,,,,,,,,

$GPGGA,,,,,,0,00,,,M,0.0,M,,0000*48567502,,,,,,,,,,,,,,,,,

$GPGSA,A,1,,,,,,,,,,,,,,,*1E567539,,,,,,,,,,,,,,,,,

$GPGSV,3,1,12,01,00,000,,02,00,000,,03,00,000,,04,00,000,*7C567599,,,,,,,,,,,,,,,,,

$GPGSV,3,2,12,05,00,000,,06,00,000,,07,00,000,,08,00,000,*77567658,,,,,,,,,,,,,,,,,

$GPGSV,3,3,12,09,00,000,,10,00,000,,11,00,000,,12,00,000,*71567736,,,,,,,,,,,,,,,,,

$GPRMC,,V,,,,,,,,,,N*53567752,,,,,,,,,,,,,,,,,

$GPGGA,,,,,,0,00,,,M,0.0,M,,0000*48568479,,,,,,,,,,,,,,,,,

$GPGSA,A,1,,,,,,,,,,,,,,,*1E568514,,,,,,,,,,,,,,,,,

$GPGSV,3,1,12,01,00,000,,02,00,000,,03,00,000,,04,00,000,*7C568573,,,,,,,,,,,,,,,,,

$GPGSV,3,2,12,05,00,000,,06,00,000,,07,00,000,,08,00,000,*77568745,,,,,,,,,,,,,,,,,

$GPGSV,3,3,12,09,00,000,,10,00,000,,11,00,05$GPGGA,,,,,,0,00,,,M,0.0,M,,0000*48569499,,,,,,,,,,,,,,,,,

$GPGSA,A,1,,,,,,,,,,,,,,,*1E569534,,,,,,,,,,,,,,,,,

$GPGSV,3,1,12,01,00,000,,02,00,000,,03,00,000,,04,00,000,*7C569593,,,,,,,,,,,,,,,,,

$GPGSV,3,2,12,05,00,000,,06,00,000,,07,00,000,,08,00,000,*77569653,,,,,,,,,,,,,,,,,

$GPGSV,3,3,12,09,00,000,,10,00,000,,11,00,000,,12,00,000,*71569765,,,,,,,,,,,,,,,,,

$GPRMC,,V,,,,,,,,,,N*53569769,,,,,,,,,,,,,,,,,

$GPGGA,,,,,,0,00,,,M,0.0,M,,0000*48595023,,,,,,,,,,,,,,,,,

$GPGSA,A,1,,,,,,,,,,,,,,,*$GPGGA,,,,,,0,00,,,M,0.0,M,,0000*48595478,,,,,,,,,,,,,,,,,

$GPGSA,A,1,,,,,,,,,,,,,,,*1E595513,,,,,,,,,,,,,,,,,

$GPGSV,3,1,12,01,00,000,,02,00,000,,03,00,000,,04,00,000,*7C595572,,,,,,,,,,,,,,,,,

$GPGSV,3,2,12,05,00,000,,06,00,000,,07,00,000,,08,00,000,*77595632,,,,,,,,,,,,,,,,,

$GPGSV,3,3,12,09,00,000,,10,00,000,,11,00,000,,12,00,000,*71595691,,,,,,,,,,,,,,,,,

$GPRMC,,V,,,,,,,,,,N*53595707,,,,,,,,,,,,,,,,,

$GPGGA,,,,,,0,00,,,M,0.0,M,,0000*48596457,,,,,,,,,,,,,,,,,

$GPGSA,A,1,,,,,,,,,,,,,,,*1E596494,,,,,,,,,,,,,,,,,

$GPGSV,3,1,12,01,00,000,,02,00,000,,03,00,000,,04,00,000,*7C596572,,,,,,,,,,,,,,,,,

$GPGSV,3,2,12,05,00,000,,06,00,000,,07,00,000,,08,00,000,*77596631,,,,,,,,,,,,,,,,,

$GPGSV,3,3,12,09,00,000,,10,00,000,,11,00,000,,12,00,000,*71596690,,,,,,,,,,,,,,,,,

$GPRMC,,V,,,,,,,,,,N*53596709,,,,,,,,,,,,,,,,,

$GPGGA,,,,,,0,00,,,M,0.0,M,,0000*48597434,,,,,,,,,,,,,,,,,

$GPGSA,A,1,,,,,,,,,,,,,,,*1E597471,,,,,,,,,,,,,,,,,

$GPGSV,3,1,12,01,00,000,,02,00,000,,03,00,000,,04,00,000,*7C597530,,,,,,,,,,,,,,,,,

$GPGSV,3,2,12,05,00,000,,06,00,000,,07,00,000,,08,00,000,*77597608,,,,,,,,,,,,,,,,,

$GPGSV,3,3,12,09,00,000,,10,00,000,,11,00,000,,12,00,000,*71597716,,,,,,,,,,,,,,,,,

$GPRMC,,V,,,,,,,,,,N*53597723,,,,,,,,,,,,,,,,,

$GPGGA,,,,,,0,00,,,M,0.0,M,,0000*48598460,,,,,,,,,,,,,,,,,

$GPGSA,A,1,,,,,,,,,,,,,,,*1E598495,,,,,,,,,,,,,,,,,

$GPGSV,3,1,12,01,00,000,,02,00,000,,03,00,000,,04,00,000,*7C598554,,,,,,,,,,,,,,,,,

$GPGSV,3,2,12,05,00,000,,06,00,000,,07,00,000,,08,00,000,*77598616,,,,,,,,,,,,,,,,,

$GPGSV,3,3,12,09,00,000,,10,00,000,,11,00,000,,12,00,000,*71598691,,,,,,,,,,,,,,,,,

$GPRMC,,V,,,,,,,,,,N*53598704,,,,,,,,,,,,,,,,,

$GPGGA,,,,,,0,00,,,M,0.0,M,,0000*48599472,,,,,,,,,,,,,,,,,

$GPGSA,A,1,,,,,,,,,,,,,,,*1E599506,,,,,,,,,,,,,,,,,

$GPGSV,3,1,12,01,00,000,,02,00,000,,03,00,000,,04,00,000,*7C599566,,,,,,,,,,,,,,,,,

$GPGSV,3,2,12,05,00,000,,06,00,000,,07,00,000,,08,00,000,*77599625,,,,,,,,,,,,,,,,,

$GPGSV,3,3,12,09,00,000,,10,00,000,,11,00,000,,12,00,000,*71599685,,,,,,,,,,,,,,,,,

$GPRMC,,V,,,,,,,,,,N*53599709,,,,,,,,,,,,,,,,,

